conversation_id,timestep,turn_number,agent_name,debate_round,prompt,response,parsed_json,input_tokens,output_tokens,elapsed_seconds,model,debate_rounds_config,num_choices_config
1,0,1,power_advocate,1,"You are the POWER ADVOCATE agent in a multi-agent HPC scheduler.
Your role: argue for the placement(s) that MINIMISE incremental cluster power (delta_total).

POWER MODEL (cubic):
  d = min(1, 0.70*u_cpu^3 + 0.10*u_io + 0.05*u_nw + 0.15*u_mem)
  P(m) = P_idle + d*(P_max - P_idle)
  delta_total = P(m)_after - P(m)_before

Candidate table (all feasible, sorted by delta_total ascending):
rank | app_id | machine_id | delta_total | affinity
--------------------------------------------------
   1 |      0 |         10 |    1.824721 |        1
   2 |      0 |         31 |    2.581074 |        0
   3 |      0 |         19 |    2.609468 |        0
   4 |      0 |          6 |    2.664231 |        0
   5 |      0 |         17 |    2.716368 |        1
   6 |      0 |         12 |    2.729298 |        1
   7 |      0 |         32 |    2.736388 |        0
   8 |      0 |         30 |    2.758499 |        0
   9 |      0 |         24 |    2.763881 |        0
  10 |      0 |         25 |    2.765875 |        0
  11 |      0 |         15 |    2.770930 |        0
  12 |      0 |          1 |    2.786064 |        0
  13 |      0 |         26 |    2.791406 |        0
  14 |      0 |          9 |    2.807081 |        0
  15 |      0 |          5 |    2.808313 |        0
  16 |      0 |         20 |    2.854131 |        1
  17 |      0 |         27 |    2.861443 |        1
  18 |      0 |         18 |    2.862223 |        0
  19 |      0 |         14 |    2.884516 |        1
  20 |      0 |         13 |    2.912485 |        1
  21 |      0 |          7 |    2.939970 |        0
  22 |      0 |         22 |    2.965322 |        1
  23 |      0 |          0 |    2.982041 |        0
  24 |      0 |         28 |    2.986291 |        0
  25 |      0 |          4 |    2.994690 |        1
  26 |      0 |          3 |    3.477287 |        0
  27 |      0 |         16 |    3.724077 |        0

Scratchpad:
(No placements yet)

This is the first round of debate. No prior arguments yet.

Rank ALL candidates from the table by delta_total (ascending). Provide a full ranked list with your power argument for each.

Explain WHY your recommended machine(s) are most power-efficient (consider cubic CPU model, consolidation).
If another agent proposed a different placement, counter their argument from a power perspective.

Output ONLY a JSON object — no markdown, no code fences:
{{""recommendations"":[{{""rank"":int,""app_id"":int,""machine_id"":int,""delta_total"":float}},...(all candidates)],""argument"":""your detailed power argument...""}}
","{""recommendations"":[{""rank"":1,""app_id"":0,""machine_id"":10,""delta_total"":1.824721},{""rank"":2,""app_id"":0,""machine_id"":31,""delta_total"":2.581074},{""rank"":3,""app_id"":0,""machine_id"":19,""delta_total"":2.609468},{""rank"":4,""app_id"":0,""machine_id"":6,""delta_total"":2.664231},{""rank"":5,""app_id"":0,""machine_id"":17,""delta_total"":2.716368},{""rank"":6,""app_id"":0,""machine_id"":12,""delta_total"":2.729298},{""rank"":7,""app_id"":0,""machine_id"":32,""delta_total"":2.736388},{""rank"":8,""app_id"":0,""machine_id"":30,""delta_total"":2.758499},{""rank"":9,""app_id"":0,""machine_id"":24,""delta_total"":2.763881},{""rank"":10,""app_id"":0,""machine_id"":25,""delta_total"":2.765875},{""rank"":11,""app_id"":0,""machine_id"":15,""delta_total"":2.77093},{""rank"":12,""app_id"":0,""machine_id"":1,""delta_total"":2.786064},{""rank"":13,""app_id"":0,""machine_id"":26,""delta_total"":2.791406},{""rank"":14,""app_id"":0,""machine_id"":9,""delta_total"":2.807081},{""rank"":15,""app_id"":0,""machine_id"":5,""delta_total"":2.808313},{""rank"":16,""app_id"":0,""machine_id"":20,""delta_total"":2.854131},{""rank"":17,""app_id"":0,""machine_id"":27,""delta_total"":2.861443},{""rank"":18,""app_id"":0,""machine_id"":18,""delta_total"":2.862223},{""rank"":19,""app_id"":0,""machine_id"":14,""delta_total"":2.884516},{""rank"":20,""app_id"":0,""machine_id"":13,""delta_total"":2.912485},{""rank"":21,""app_id"":0,""machine_id"":7,""delta_total"":2.93997},{""rank"":22,""app_id"":0,""machine_id"":22,""delta_total"":2.965322},{""rank"":23,""app_id"":0,""machine_id"":0,""delta_total"":2.982041},{""rank"":24,""app_id"":0,""machine_id"":28,""delta_total"":2.986291},{""rank"":25,""app_id"":0,""machine_id"":4,""delta_total"":2.99469},{""rank"":26,""app_id"":0,""machine_id"":3,""delta_total"":3.477287},{""rank"":27,""app_id"":0,""machine_id"":16,""delta_total"":3.724077}],""argument"":""The power model is cubic in CPU utilization: d = min(1, 0.70*u_cpu^3 + 0.10*u_io + 0.05*u_nw + 0.15*u_mem). Therefore, small increases in CPU usage can lead to disproportionately large increases in power. The delta_total values already capture the incremental power cost of placing the application on each machine, assuming current machine loads. The lowest delta_total (1.824721 on machine 10) indicates that this placement will add the least incremental power compared to all other feasible machines. Machines with higher affinity (affinity=1) often have lower delta because the application can reuse data or benefit from local caches, reducing I/O and memory pressure, which also lowers the d term. Consolidating the application onto machine 10 also keeps the overall cluster power lower because it avoids moving the workload to a machine that is already heavily loaded or has higher CPU utilization, which would push d closer to 1 and thus increase power linearly. If another agent suggested a placement on a machine with a higher delta_total, that choice would increase the cluster’s incremental power by the difference in delta_total values. For example, placing on machine 31 would add 2.581074 W more than placing on machine 10, a 41.5% increase in incremental power. Hence, from a power‑efficiency standpoint, machine 10 is the optimal choice, and the ranking list reflects the incremental power cost in ascending order, guiding the scheduler to prioritize placements that minimize total cluster power consumption.""}","{""recommendations"": [{""rank"": 1, ""app_id"": 0, ""machine_id"": 10, ""delta_total"": 1.824721}, {""rank"": 2, ""app_id"": 0, ""machine_id"": 31, ""delta_total"": 2.581074}, {""rank"": 3, ""app_id"": 0, ""machine_id"": 19, ""delta_total"": 2.609468}, {""rank"": 4, ""app_id"": 0, ""machine_id"": 6, ""delta_total"": 2.664231}, {""rank"": 5, ""app_id"": 0, ""machine_id"": 17, ""delta_total"": 2.716368}, {""rank"": 6, ""app_id"": 0, ""machine_id"": 12, ""delta_total"": 2.729298}, {""rank"": 7, ""app_id"": 0, ""machine_id"": 32, ""delta_total"": 2.736388}, {""rank"": 8, ""app_id"": 0, ""machine_id"": 30, ""delta_total"": 2.758499}, {""rank"": 9, ""app_id"": 0, ""machine_id"": 24, ""delta_total"": 2.763881}, {""rank"": 10, ""app_id"": 0, ""machine_id"": 25, ""delta_total"": 2.765875}, {""rank"": 11, ""app_id"": 0, ""machine_id"": 15, ""delta_total"": 2.77093}, {""rank"": 12, ""app_id"": 0, ""machine_id"": 1, ""delta_total"": 2.786064}, {""rank"": 13, ""app_id"": 0, ""machine_id"": 26, ""delta_total"": 2.791406}, {""rank"": 14, ""app_id"": 0, ""machine_id"": 9, ""delta_total"": 2.807081}, {""rank"": 15, ""app_id"": 0, ""machine_id"": 5, ""delta_total"": 2.808313}, {""rank"": 16, ""app_id"": 0, ""machine_id"": 20, ""delta_total"": 2.854131}, {""rank"": 17, ""app_id"": 0, ""machine_id"": 27, ""delta_total"": 2.861443}, {""rank"": 18, ""app_id"": 0, ""machine_id"": 18, ""delta_total"": 2.862223}, {""rank"": 19, ""app_id"": 0, ""machine_id"": 14, ""delta_total"": 2.884516}, {""rank"": 20, ""app_id"": 0, ""machine_id"": 13, ""delta_total"": 2.912485}, {""rank"": 21, ""app_id"": 0, ""machine_id"": 7, ""delta_total"": 2.93997}, {""rank"": 22, ""app_id"": 0, ""machine_id"": 22, ""delta_total"": 2.965322}, {""rank"": 23, ""app_id"": 0, ""machine_id"": 0, ""delta_total"": 2.982041}, {""rank"": 24, ""app_id"": 0, ""machine_id"": 28, ""delta_total"": 2.986291}, {""rank"": 25, ""app_id"": 0, ""machine_id"": 4, ""delta_total"": 2.99469}, {""rank"": 26, ""app_id"": 0, ""machine_id"": 3, ""delta_total"": 3.477287}, {""rank"": 27, ""app_id"": 0, ""machine_id"": 16, ""delta_total"": 3.724077}], ""argument"": ""The power model is cubic in CPU utilization: d = min(1, 0.70*u_cpu^3 + 0.10*u_io + 0.05*u_nw + 0.15*u_mem). Therefore, small increases in CPU usage can lead to disproportionately large increases in power. The delta_total values already capture the incremental power cost of placing the application on each machine, assuming current machine loads. The lowest delta_total (1.824721 on machine 10) indicates that this placement will add the least incremental power compared to all other feasible machines. Machines with higher affinity (affinity=1) often have lower delta because the application can reuse data or benefit from local caches, reducing I/O and memory pressure, which also lowers the d term. Consolidating the application onto machine 10 also keeps the overall cluster power lower because it avoids moving the workload to a machine that is already heavily loaded or has higher CPU utilization, which would push d closer to 1 and thus increase power linearly. If another agent suggested a placement on a machine with a higher delta_total, that choice would increase the cluster\u2019s incremental power by the difference in delta_total values. For example, placing on machine 31 would add 2.581074 W more than placing on machine 10, a 41.5% increase in incremental power. Hence, from a power\u2011efficiency standpoint, machine 10 is the optimal choice, and the ranking list reflects the incremental power cost in ascending order, guiding the scheduler to prioritize placements that minimize total cluster power consumption.""}",959,1167,9.624,gpt-oss:20b,25,0
1,0,2,affinity_advocate,1,"You are the AFFINITY ADVOCATE agent in a multi-agent HPC scheduler.
Your role: argue for the placement(s) that MAXIMISE affinity (affinity=1 placements).

Affinity rules:
- affinity[app_id][machine_id] = 1 means the app has preference for that machine
- More affinity=1 placements = better co-location, reduced network hops, better SLA

Candidate table (all feasible, sorted by delta_total ascending):
rank | app_id | machine_id | delta_total | affinity
--------------------------------------------------
   1 |      0 |         10 |    1.824721 |        1
   2 |      0 |         31 |    2.581074 |        0
   3 |      0 |         19 |    2.609468 |        0
   4 |      0 |          6 |    2.664231 |        0
   5 |      0 |         17 |    2.716368 |        1
   6 |      0 |         12 |    2.729298 |        1
   7 |      0 |         32 |    2.736388 |        0
   8 |      0 |         30 |    2.758499 |        0
   9 |      0 |         24 |    2.763881 |        0
  10 |      0 |         25 |    2.765875 |        0
  11 |      0 |         15 |    2.770930 |        0
  12 |      0 |          1 |    2.786064 |        0
  13 |      0 |         26 |    2.791406 |        0
  14 |      0 |          9 |    2.807081 |        0
  15 |      0 |          5 |    2.808313 |        0
  16 |      0 |         20 |    2.854131 |        1
  17 |      0 |         27 |    2.861443 |        1
  18 |      0 |         18 |    2.862223 |        0
  19 |      0 |         14 |    2.884516 |        1
  20 |      0 |         13 |    2.912485 |        1
  21 |      0 |          7 |    2.939970 |        0
  22 |      0 |         22 |    2.965322 |        1
  23 |      0 |          0 |    2.982041 |        0
  24 |      0 |         28 |    2.986291 |        0
  25 |      0 |          4 |    2.994690 |        1
  26 |      0 |          3 |    3.477287 |        0
  27 |      0 |         16 |    3.724077 |        0

Remaining instances:
app_id | cpu  | io   | nw   | mem  | left
----------------------------------------------
     0 | 50.0 | 11.0 | 27.0 | 17.0 | 1

Scratchpad:
(No placements yet)

Previous debate rounds:
  [Round 1 - POWER ADVOCATE] 27 recommendation(s):
    Rank 1: app_id=0, machine_id=10, delta_total=1.824721, affinity=?
    Rank 2: app_id=0, machine_id=31, delta_total=2.581074, affinity=?
    Rank 3: app_id=0, machine_id=19, delta_total=2.609468, affinity=?
    Rank 4: app_id=0, machine_id=6, delta_total=2.664231, affinity=?
    Rank 5: app_id=0, machine_id=17, delta_total=2.716368, affinity=?
    Rank 6: app_id=0, machine_id=12, delta_total=2.729298, affinity=?
    Rank 7: app_id=0, machine_id=32, delta_total=2.736388, affinity=?
    Rank 8: app_id=0, machine_id=30, delta_total=2.758499, affinity=?
    Rank 9: app_id=0, machine_id=24, delta_total=2.763881, affinity=?
    Rank 10: app_id=0, machine_id=25, delta_total=2.765875, affinity=?
    Rank 11: app_id=0, machine_id=15, delta_total=2.77093, affinity=?
    Rank 12: app_id=0, machine_id=1, delta_total=2.786064, affinity=?
    Rank 13: app_id=0, machine_id=26, delta_total=2.791406, affinity=?
    Rank 14: app_id=0, machine_id=9, delta_total=2.807081, affinity=?
    Rank 15: app_id=0, machine_id=5, delta_total=2.808313, affinity=?
    Rank 16: app_id=0, machine_id=20, delta_total=2.854131, affinity=?
    Rank 17: app_id=0, machine_id=27, delta_total=2.861443, affinity=?
    Rank 18: app_id=0, machine_id=18, delta_total=2.862223, affinity=?
    Rank 19: app_id=0, machine_id=14, delta_total=2.884516, affinity=?
    Rank 20: app_id=0, machine_id=13, delta_total=2.912485, affinity=?
    Rank 21: app_id=0, machine_id=7, delta_total=2.93997, affinity=?
    Rank 22: app_id=0, machine_id=22, delta_total=2.965322, affinity=?
    Rank 23: app_id=0, machine_id=0, delta_total=2.982041, affinity=?
    Rank 24: app_id=0, machine_id=28, delta_total=2.986291, affinity=?
    Rank 25: app_id=0, machine_id=4, delta_total=2.99469, affinity=?
    Rank 26: app_id=0, machine_id=3, delta_total=3.477287, affinity=?
    Rank 27: app_id=0, machine_id=16, delta_total=3.724077, affinity=?
  Argument: The power model is cubic in CPU utilization: d = min(1, 0.70*u_cpu^3 + 0.10*u_io + 0.05*u_nw + 0.15*u_mem). Therefore, small increases in CPU usage can lead to disproportionately large increases in power. The delta_total values already capture the incremental power cost of placing the application on each machine, assuming current machine loads. The lowest delta_total (1.824721 on machine 10) indicates that this placement will add the least incremental power compared to all other feasible machines. Machines with higher affinity (affinity=1) often have lower delta because the application can reuse data or benefit from local caches, reducing I/O and memory pressure, which also lowers the d term. Consolidating the application onto machine 10 also keeps the overall cluster power lower because it avoids moving the workload to a machine that is already heavily loaded or has higher CPU utilization, which would push d closer to 1 and thus increase power linearly. If another agent suggested a placement on a machine with a higher delta_total, that choice would increase the cluster’s incremental power by the difference in delta_total values. For example, placing on machine 31 would add 2.581074 W more than placing on machine 10, a 41.5% increase in incremental power. Hence, from a power‑efficiency standpoint, machine 10 is the optimal choice, and the ranking list reflects the incremental power cost in ascending order, guiding the scheduler to prioritize placements that minimize total cluster power consumption.

Rank ALL candidates from the table by affinity (descending), then by delta_total (ascending). Provide a full ranked list with your affinity argument for each.

If no affinity=1 candidate exists, acknowledge this and suggest the best available.
If another agent proposed a different placement, counter their argument from an affinity perspective.

Output ONLY a JSON object — no markdown, no code fences:
{{""recommendations"":[{{""rank"":int,""app_id"":int,""machine_id"":int,""affinity"":int,""delta_total"":float}},...(all candidates)],""argument"":""your detailed affinity argument...""}}
","{""recommendations"":[{""rank"":1,""app_id"":0,""machine_id"":10,""affinity"":1,""delta_total"":1.824721},{""rank"":2,""app_id"":0,""machine_id"":17,""affinity"":1,""delta_total"":2.716368},{""rank"":3,""app_id"":0,""machine_id"":12,""affinity"":1,""delta_total"":2.729298},{""rank"":4,""app_id"":0,""machine_id"":20,""affinity"":1,""delta_total"":2.854131},{""rank"":5,""app_id"":0,""machine_id"":27,""affinity"":1,""delta_total"":2.861443},{""rank"":6,""app_id"":0,""machine_id"":14,""affinity"":1,""delta_total"":2.884516},{""rank"":7,""app_id"":0,""machine_id"":13,""affinity"":1,""delta_total"":2.912485},{""rank"":8,""app_id"":0,""machine_id"":22,""affinity"":1,""delta_total"":2.965322},{""rank"":9,""app_id"":0,""machine_id"":4,""affinity"":1,""delta_total"":2.99469},{""rank"":10,""app_id"":0,""machine_id"":31,""affinity"":0,""delta_total"":2.581074},{""rank"":11,""app_id"":0,""machine_id"":19,""affinity"":0,""delta_total"":2.609468},{""rank"":12,""app_id"":0,""machine_id"":6,""affinity"":0,""delta_total"":2.664231},{""rank"":13,""app_id"":0,""machine_id"":32,""affinity"":0,""delta_total"":2.736388},{""rank"":14,""app_id"":0,""machine_id"":30,""affinity"":0,""delta_total"":2.758499},{""rank"":15,""app_id"":0,""machine_id"":24,""affinity"":0,""delta_total"":2.763881},{""rank"":16,""app_id"":0,""machine_id"":25,""affinity"":0,""delta_total"":2.765875},{""rank"":17,""app_id"":0,""machine_id"":15,""affinity"":0,""delta_total"":2.77093},{""rank"":18,""app_id"":0,""machine_id"":1,""affinity"":0,""delta_total"":2.786064},{""rank"":19,""app_id"":0,""machine_id"":26,""affinity"":0,""delta_total"":2.791406},{""rank"":20,""app_id"":0,""machine_id"":9,""affinity"":0,""delta_total"":2.807081},{""rank"":21,""app_id"":0,""machine_id"":5,""affinity"":0,""delta_total"":2.808313},{""rank"":22,""app_id"":0,""machine_id"":18,""affinity"":0,""delta_total"":2.862223},{""rank"":23,""app_id"":0,""machine_id"":21,""affinity"":0,""delta_total"":2.93997},{""rank"":24,""app_id"":0,""machine_id"":0,""affinity"":0,""delta_total"":2.982041},{""rank"":25,""app_id"":0,""machine_id"":28,""affinity"":0,""delta_total"":2.986291},{""rank"":26,""app_id"":0,""machine_id"":3,""affinity"":0,""delta_total"":3.477287},{""rank"":27,""app_id"":0,""machine_id"":16,""affinity"":0,""delta_total"":3.724077}],""argument"":""Affinity is the primary driver for optimal HPC performance because it guarantees data locality, reduces inter‑node communication latency, and preserves cache warm‑up effects.  All machines with affinity=1 (machines 10, 17, 12, 20, 27, 14, 13, 22, 4) are ranked above every affinity=0 machine regardless of their delta_total.  Within each affinity group, the ordering is by ascending delta_total to keep power impact minimal while still prioritizing locality.  This approach ensures that the application is co‑located on a node that it prefers, which typically means the node already hosts related data or has a network topology that favors low‑latency traffic.  Even though the power advocate highlighted the incremental power cost, the delta_total differences among affinity=1 machines are relatively small compared to the performance gains from locality.  For example, placing the app on machine 10 adds only 1.82 W, while placing it on machine 17 adds 2.72 W—a 0.9 W increase—but the latter still offers the same affinity benefit.  Therefore, we recommend the affinity‑first ranking.  If no affinity=1 machine were available, we would fall back to the lowest delta_total among the remaining options.  This strategy balances both power efficiency and SLA compliance by maximizing affinity while keeping power overhead low.""}","{""recommendations"": [{""rank"": 1, ""app_id"": 0, ""machine_id"": 10, ""affinity"": 1, ""delta_total"": 1.824721}, {""rank"": 2, ""app_id"": 0, ""machine_id"": 17, ""affinity"": 1, ""delta_total"": 2.716368}, {""rank"": 3, ""app_id"": 0, ""machine_id"": 12, ""affinity"": 1, ""delta_total"": 2.729298}, {""rank"": 4, ""app_id"": 0, ""machine_id"": 20, ""affinity"": 1, ""delta_total"": 2.854131}, {""rank"": 5, ""app_id"": 0, ""machine_id"": 27, ""affinity"": 1, ""delta_total"": 2.861443}, {""rank"": 6, ""app_id"": 0, ""machine_id"": 14, ""affinity"": 1, ""delta_total"": 2.884516}, {""rank"": 7, ""app_id"": 0, ""machine_id"": 13, ""affinity"": 1, ""delta_total"": 2.912485}, {""rank"": 8, ""app_id"": 0, ""machine_id"": 22, ""affinity"": 1, ""delta_total"": 2.965322}, {""rank"": 9, ""app_id"": 0, ""machine_id"": 4, ""affinity"": 1, ""delta_total"": 2.99469}, {""rank"": 10, ""app_id"": 0, ""machine_id"": 31, ""affinity"": 0, ""delta_total"": 2.581074}, {""rank"": 11, ""app_id"": 0, ""machine_id"": 19, ""affinity"": 0, ""delta_total"": 2.609468}, {""rank"": 12, ""app_id"": 0, ""machine_id"": 6, ""affinity"": 0, ""delta_total"": 2.664231}, {""rank"": 13, ""app_id"": 0, ""machine_id"": 32, ""affinity"": 0, ""delta_total"": 2.736388}, {""rank"": 14, ""app_id"": 0, ""machine_id"": 30, ""affinity"": 0, ""delta_total"": 2.758499}, {""rank"": 15, ""app_id"": 0, ""machine_id"": 24, ""affinity"": 0, ""delta_total"": 2.763881}, {""rank"": 16, ""app_id"": 0, ""machine_id"": 25, ""affinity"": 0, ""delta_total"": 2.765875}, {""rank"": 17, ""app_id"": 0, ""machine_id"": 15, ""affinity"": 0, ""delta_total"": 2.77093}, {""rank"": 18, ""app_id"": 0, ""machine_id"": 1, ""affinity"": 0, ""delta_total"": 2.786064}, {""rank"": 19, ""app_id"": 0, ""machine_id"": 26, ""affinity"": 0, ""delta_total"": 2.791406}, {""rank"": 20, ""app_id"": 0, ""machine_id"": 9, ""affinity"": 0, ""delta_total"": 2.807081}, {""rank"": 21, ""app_id"": 0, ""machine_id"": 5, ""affinity"": 0, ""delta_total"": 2.808313}, {""rank"": 22, ""app_id"": 0, ""machine_id"": 18, ""affinity"": 0, ""delta_total"": 2.862223}, {""rank"": 23, ""app_id"": 0, ""machine_id"": 21, ""affinity"": 0, ""delta_total"": 2.93997}, {""rank"": 24, ""app_id"": 0, ""machine_id"": 0, ""affinity"": 0, ""delta_total"": 2.982041}, {""rank"": 25, ""app_id"": 0, ""machine_id"": 28, ""affinity"": 0, ""delta_total"": 2.986291}, {""rank"": 26, ""app_id"": 0, ""machine_id"": 3, ""affinity"": 0, ""delta_total"": 3.477287}, {""rank"": 27, ""app_id"": 0, ""machine_id"": 16, ""affinity"": 0, ""delta_total"": 3.724077}], ""argument"": ""Affinity is the primary driver for optimal HPC performance because it guarantees data locality, reduces inter\u2011node communication latency, and preserves cache warm\u2011up effects.  All machines with affinity=1 (machines 10, 17, 12, 20, 27, 14, 13, 22, 4) are ranked above every affinity=0 machine regardless of their delta_total.  Within each affinity group, the ordering is by ascending delta_total to keep power impact minimal while still prioritizing locality.  This approach ensures that the application is co\u2011located on a node that it prefers, which typically means the node already hosts related data or has a network topology that favors low\u2011latency traffic.  Even though the power advocate highlighted the incremental power cost, the delta_total differences among affinity=1 machines are relatively small compared to the performance gains from locality.  For example, placing the app on machine 10 adds only 1.82\u202fW, while placing it on machine 17 adds 2.72\u202fW\u2014a 0.9\u202fW increase\u2014but the latter still offers the same affinity benefit.  Therefore, we recommend the affinity\u2011first ranking.  If no affinity=1 machine were available, we would fall back to the lowest delta_total among the remaining options.  This strategy balances both power efficiency and SLA compliance by maximizing affinity while keeping power overhead low.""}",2019,2605,21.304,gpt-oss:20b,25,0
1,0,3,power_advocate,2,"You are the POWER ADVOCATE agent in a multi-agent HPC scheduler.
Your role: argue for the placement(s) that MINIMISE incremental cluster power (delta_total).

POWER MODEL (cubic):
  d = min(1, 0.70*u_cpu^3 + 0.10*u_io + 0.05*u_nw + 0.15*u_mem)
  P(m) = P_idle + d*(P_max - P_idle)
  delta_total = P(m)_after - P(m)_before

Candidate table (all feasible, sorted by delta_total ascending):
rank | app_id | machine_id | delta_total | affinity
--------------------------------------------------
   1 |      0 |         10 |    1.824721 |        1
   2 |      0 |         31 |    2.581074 |        0
   3 |      0 |         19 |    2.609468 |        0
   4 |      0 |          6 |    2.664231 |        0
   5 |      0 |         17 |    2.716368 |        1
   6 |      0 |         12 |    2.729298 |        1
   7 |      0 |         32 |    2.736388 |        0
   8 |      0 |         30 |    2.758499 |        0
   9 |      0 |         24 |    2.763881 |        0
  10 |      0 |         25 |    2.765875 |        0
  11 |      0 |         15 |    2.770930 |        0
  12 |      0 |          1 |    2.786064 |        0
  13 |      0 |         26 |    2.791406 |        0
  14 |      0 |          9 |    2.807081 |        0
  15 |      0 |          5 |    2.808313 |        0
  16 |      0 |         20 |    2.854131 |        1
  17 |      0 |         27 |    2.861443 |        1
  18 |      0 |         18 |    2.862223 |        0
  19 |      0 |         14 |    2.884516 |        1
  20 |      0 |         13 |    2.912485 |        1
  21 |      0 |          7 |    2.939970 |        0
  22 |      0 |         22 |    2.965322 |        1
  23 |      0 |          0 |    2.982041 |        0
  24 |      0 |         28 |    2.986291 |        0
  25 |      0 |          4 |    2.994690 |        1
  26 |      0 |          3 |    3.477287 |        0
  27 |      0 |         16 |    3.724077 |        0

Scratchpad:
(No placements yet)

Previous debate rounds:
  [Round 1 - POWER ADVOCATE] 27 recommendation(s):
    Rank 1: app_id=0, machine_id=10, delta_total=1.824721, affinity=?
    Rank 2: app_id=0, machine_id=31, delta_total=2.581074, affinity=?
    Rank 3: app_id=0, machine_id=19, delta_total=2.609468, affinity=?
    Rank 4: app_id=0, machine_id=6, delta_total=2.664231, affinity=?
    Rank 5: app_id=0, machine_id=17, delta_total=2.716368, affinity=?
    Rank 6: app_id=0, machine_id=12, delta_total=2.729298, affinity=?
    Rank 7: app_id=0, machine_id=32, delta_total=2.736388, affinity=?
    Rank 8: app_id=0, machine_id=30, delta_total=2.758499, affinity=?
    Rank 9: app_id=0, machine_id=24, delta_total=2.763881, affinity=?
    Rank 10: app_id=0, machine_id=25, delta_total=2.765875, affinity=?
    Rank 11: app_id=0, machine_id=15, delta_total=2.77093, affinity=?
    Rank 12: app_id=0, machine_id=1, delta_total=2.786064, affinity=?
    Rank 13: app_id=0, machine_id=26, delta_total=2.791406, affinity=?
    Rank 14: app_id=0, machine_id=9, delta_total=2.807081, affinity=?
    Rank 15: app_id=0, machine_id=5, delta_total=2.808313, affinity=?
    Rank 16: app_id=0, machine_id=20, delta_total=2.854131, affinity=?
    Rank 17: app_id=0, machine_id=27, delta_total=2.861443, affinity=?
    Rank 18: app_id=0, machine_id=18, delta_total=2.862223, affinity=?
    Rank 19: app_id=0, machine_id=14, delta_total=2.884516, affinity=?
    Rank 20: app_id=0, machine_id=13, delta_total=2.912485, affinity=?
    Rank 21: app_id=0, machine_id=7, delta_total=2.93997, affinity=?
    Rank 22: app_id=0, machine_id=22, delta_total=2.965322, affinity=?
    Rank 23: app_id=0, machine_id=0, delta_total=2.982041, affinity=?
    Rank 24: app_id=0, machine_id=28, delta_total=2.986291, affinity=?
    Rank 25: app_id=0, machine_id=4, delta_total=2.99469, affinity=?
    Rank 26: app_id=0, machine_id=3, delta_total=3.477287, affinity=?
    Rank 27: app_id=0, machine_id=16, delta_total=3.724077, affinity=?
  Argument: The power model is cubic in CPU utilization: d = min(1, 0.70*u_cpu^3 + 0.10*u_io + 0.05*u_nw + 0.15*u_mem). Therefore, small increases in CPU usage can lead to disproportionately large increases in power. The delta_total values already capture the incremental power cost of placing the application on each machine, assuming current machine loads. The lowest delta_total (1.824721 on machine 10) indicates that this placement will add the least incremental power compared to all other feasible machines. Machines with higher affinity (affinity=1) often have lower delta because the application can reuse data or benefit from local caches, reducing I/O and memory pressure, which also lowers the d term. Consolidating the application onto machine 10 also keeps the overall cluster power lower because it avoids moving the workload to a machine that is already heavily loaded or has higher CPU utilization, which would push d closer to 1 and thus increase power linearly. If another agent suggested a placement on a machine with a higher delta_total, that choice would increase the cluster’s incremental power by the difference in delta_total values. For example, placing on machine 31 would add 2.581074 W more than placing on machine 10, a 41.5% increase in incremental power. Hence, from a power‑efficiency standpoint, machine 10 is the optimal choice, and the ranking list reflects the incremental power cost in ascending order, guiding the scheduler to prioritize placements that minimize total cluster power consumption.
  [Round 1 - AFFINITY ADVOCATE] 27 recommendation(s):
    Rank 1: app_id=0, machine_id=10, delta_total=1.824721, affinity=1
    Rank 2: app_id=0, machine_id=17, delta_total=2.716368, affinity=1
    Rank 3: app_id=0, machine_id=12, delta_total=2.729298, affinity=1
    Rank 4: app_id=0, machine_id=20, delta_total=2.854131, affinity=1
    Rank 5: app_id=0, machine_id=27, delta_total=2.861443, affinity=1
    Rank 6: app_id=0, machine_id=14, delta_total=2.884516, affinity=1
    Rank 7: app_id=0, machine_id=13, delta_total=2.912485, affinity=1
    Rank 8: app_id=0, machine_id=22, delta_total=2.965322, affinity=1
    Rank 9: app_id=0, machine_id=4, delta_total=2.99469, affinity=1
    Rank 10: app_id=0, machine_id=31, delta_total=2.581074, affinity=0
    Rank 11: app_id=0, machine_id=19, delta_total=2.609468, affinity=0
    Rank 12: app_id=0, machine_id=6, delta_total=2.664231, affinity=0
    Rank 13: app_id=0, machine_id=32, delta_total=2.736388, affinity=0
    Rank 14: app_id=0, machine_id=30, delta_total=2.758499, affinity=0
    Rank 15: app_id=0, machine_id=24, delta_total=2.763881, affinity=0
    Rank 16: app_id=0, machine_id=25, delta_total=2.765875, affinity=0
    Rank 17: app_id=0, machine_id=15, delta_total=2.77093, affinity=0
    Rank 18: app_id=0, machine_id=1, delta_total=2.786064, affinity=0
    Rank 19: app_id=0, machine_id=26, delta_total=2.791406, affinity=0
    Rank 20: app_id=0, machine_id=9, delta_total=2.807081, affinity=0
    Rank 21: app_id=0, machine_id=5, delta_total=2.808313, affinity=0
    Rank 22: app_id=0, machine_id=18, delta_total=2.862223, affinity=0
    Rank 23: app_id=0, machine_id=21, delta_total=2.93997, affinity=0
    Rank 24: app_id=0, machine_id=0, delta_total=2.982041, affinity=0
    Rank 25: app_id=0, machine_id=28, delta_total=2.986291, affinity=0
    Rank 26: app_id=0, machine_id=3, delta_total=3.477287, affinity=0
    Rank 27: app_id=0, machine_id=16, delta_total=3.724077, affinity=0
  Argument: Affinity is the primary driver for optimal HPC performance because it guarantees data locality, reduces inter‑node communication latency, and preserves cache warm‑up effects.  All machines with affinity=1 (machines 10, 17, 12, 20, 27, 14, 13, 22, 4) are ranked above every affinity=0 machine regardless of their delta_total.  Within each affinity group, the ordering is by ascending delta_total to keep power impact minimal while still prioritizing locality.  This approach ensures that the application is co‑located on a node that it prefers, which typically means the node already hosts related data or has a network topology that favors low‑latency traffic.  Even though the power advocate highlighted the incremental power cost, the delta_total differences among affinity=1 machines are relatively small compared to the performance gains from locality.  For example, placing the app on machine 10 adds only 1.82 W, while placing it on machine 17 adds 2.72 W—a 0.9 W increase—but the latter still offers the same affinity benefit.  Therefore, we recommend the affinity‑first ranking.  If no affinity=1 machine were available, we would fall back to the lowest delta_total among the remaining options.  This strategy balances both power efficiency and SLA compliance by maximizing affinity while keeping power overhead low.

Rank ALL candidates from the table by delta_total (ascending). Provide a full ranked list with your power argument for each.

Explain WHY your recommended machine(s) are most power-efficient (consider cubic CPU model, consolidation).
If another agent proposed a different placement, counter their argument from a power perspective.

Output ONLY a JSON object — no markdown, no code fences:
{{""recommendations"":[{{""rank"":int,""app_id"":int,""machine_id"":int,""delta_total"":float}},...(all candidates)],""argument"":""your detailed power argument...""}}
","{""recommendations"":[{""rank"":1,""app_id"":0,""machine_id"":10,""delta_total"":1.824721},{""rank"":2,""app_id"":0,""machine_id"":31,""delta_total"":2.581074},{""rank"":3,""app_id"":0,""machine_id"":19,""delta_total"":2.609468},{""rank"":4,""app_id"":0,""machine_id"":6,""delta_total"":2.664231},{""rank"":5,""app_id"":0,""machine_id"":17,""delta_total"":2.716368},{""rank"":6,""app_id"":0,""machine_id"":12,""delta_total"":2.729298},{""rank"":7,""app_id"":0,""machine_id"":32,""delta_total"":2.736388},{""rank"":8,""app_id"":0,""machine_id"":30,""delta_total"":2.758499},{""rank"":9,""app_id"":0,""machine_id"":24,""delta_total"":2.763881},{""rank"":10,""app_id"":0,""machine_id"":25,""delta_total"":2.765875},{""rank"":11,""app_id"":0,""machine_id"":15,""delta_total"":2.77093},{""rank"":12,""app_id"":0,""machine_id"":1,""delta_total"":2.786064},{""rank"":13,""app_id"":0,""machine_id"":26,""delta_total"":2.791406},{""rank"":14,""app_id"":0,""machine_id"":9,""delta_total"":2.807081},{""rank"":15,""app_id"":0,""machine_id"":5,""delta_total"":2.808313},{""rank"":16,""app_id"":0,""machine_id"":20,""delta_total"":2.854131},{""rank"":17,""app_id"":0,""machine_id"":27,""delta_total"":2.861443},{""rank"":18,""app_id"":0,""machine_id"":18,""delta_total"":2.862223},{""rank"":19,""app_id"":0,""machine_id"":14,""delta_total"":2.884516},{""rank"":20,""app_id"":0,""machine_id"":13,""delta_total"":2.912485},{""rank"":21,""app_id"":0,""machine_id"":7,""delta_total"":2.93997},{""rank"":22,""app_id"":0,""machine_id"":22,""delta_total"":2.965322},{""rank"":23,""app_id"":0,""machine_id"":0,""delta_total"":2.982041},{""rank"":24,""app_id"":0,""machine_id"":28,""delta_total"":2.986291},{""rank"":25,""app_id"":0,""machine_id"":4,""delta_total"":2.99469},{""rank"":26,""app_id"":0,""machine_id"":3,""delta_total"":3.477287},{""rank"":27,""app_id"":0,""machine_id"":16,""delta_total"":3.724077}],""argument"":""The power model is cubic in CPU utilisation: d = min(1,0.70*u_cpu^3+0.10*u_io+0.05*u_nw+0.15*u_mem).  Because of the cubic term, small increases in CPU load can push d sharply toward 1, causing a near‑linear rise in power consumption.  The delta_total column already reflects the incremental power that would result from placing the application on each machine given the current load state.  Therefore, the machine with the smallest delta_total (machine 10, 1.824721W) is the most power‑efficient choice – it adds the least extra power to the cluster.  Placing the job on any higher‑delta machine would increase the cluster’s power budget by the difference in delta_total, which is non‑negligible when many jobs are scheduled concurrently.\n\nConsolidation also matters: by choosing the lowest‑delta machine we keep the overall utilisation of the cluster lower, leaving headroom for future jobs and preventing the cubic term from saturating.  If we were to pick a machine with a higher delta_total, we would raise the utilisation of that node, potentially pushing its d value toward 1 and causing a disproportionate power spike for that node and for the cluster as a whole.\n\nThe affinity advocate argues that locality should trump power.  While data locality can improve performance, the power penalty of moving to a higher‑delta machine is tangible.  For example, moving from machine 10 to machine 17 increases delta_total by 0.891647W (≈49% higher).  In a large cluster, such incremental differences accumulate and can lead to significant energy waste.  Moreover, the affinity benefit is often marginal compared to the cubic power cost; the delta_total differences among affinity‑1 machines are small relative to the overall power budget, and the power model shows that CPU utilisation is the dominant factor.  Therefore, from a power‑efficiency standpoint, we recommend selecting the machine with the lowest delta_total, regardless of affinity, to minimise incremental power and maximise cluster consolidation.\n""}","{""recommendations"": [{""rank"": 1, ""app_id"": 0, ""machine_id"": 10, ""delta_total"": 1.824721}, {""rank"": 2, ""app_id"": 0, ""machine_id"": 31, ""delta_total"": 2.581074}, {""rank"": 3, ""app_id"": 0, ""machine_id"": 19, ""delta_total"": 2.609468}, {""rank"": 4, ""app_id"": 0, ""machine_id"": 6, ""delta_total"": 2.664231}, {""rank"": 5, ""app_id"": 0, ""machine_id"": 17, ""delta_total"": 2.716368}, {""rank"": 6, ""app_id"": 0, ""machine_id"": 12, ""delta_total"": 2.729298}, {""rank"": 7, ""app_id"": 0, ""machine_id"": 32, ""delta_total"": 2.736388}, {""rank"": 8, ""app_id"": 0, ""machine_id"": 30, ""delta_total"": 2.758499}, {""rank"": 9, ""app_id"": 0, ""machine_id"": 24, ""delta_total"": 2.763881}, {""rank"": 10, ""app_id"": 0, ""machine_id"": 25, ""delta_total"": 2.765875}, {""rank"": 11, ""app_id"": 0, ""machine_id"": 15, ""delta_total"": 2.77093}, {""rank"": 12, ""app_id"": 0, ""machine_id"": 1, ""delta_total"": 2.786064}, {""rank"": 13, ""app_id"": 0, ""machine_id"": 26, ""delta_total"": 2.791406}, {""rank"": 14, ""app_id"": 0, ""machine_id"": 9, ""delta_total"": 2.807081}, {""rank"": 15, ""app_id"": 0, ""machine_id"": 5, ""delta_total"": 2.808313}, {""rank"": 16, ""app_id"": 0, ""machine_id"": 20, ""delta_total"": 2.854131}, {""rank"": 17, ""app_id"": 0, ""machine_id"": 27, ""delta_total"": 2.861443}, {""rank"": 18, ""app_id"": 0, ""machine_id"": 18, ""delta_total"": 2.862223}, {""rank"": 19, ""app_id"": 0, ""machine_id"": 14, ""delta_total"": 2.884516}, {""rank"": 20, ""app_id"": 0, ""machine_id"": 13, ""delta_total"": 2.912485}, {""rank"": 21, ""app_id"": 0, ""machine_id"": 7, ""delta_total"": 2.93997}, {""rank"": 22, ""app_id"": 0, ""machine_id"": 22, ""delta_total"": 2.965322}, {""rank"": 23, ""app_id"": 0, ""machine_id"": 0, ""delta_total"": 2.982041}, {""rank"": 24, ""app_id"": 0, ""machine_id"": 28, ""delta_total"": 2.986291}, {""rank"": 25, ""app_id"": 0, ""machine_id"": 4, ""delta_total"": 2.99469}, {""rank"": 26, ""app_id"": 0, ""machine_id"": 3, ""delta_total"": 3.477287}, {""rank"": 27, ""app_id"": 0, ""machine_id"": 16, ""delta_total"": 3.724077}], ""argument"": ""The power model is cubic in CPU utilisation: d = min(1,0.70*u_cpu^3+0.10*u_io+0.05*u_nw+0.15*u_mem).  Because of the cubic term, small increases in CPU load can push d sharply toward 1, causing a near\u2011linear rise in power consumption.  The delta_total column already reflects the incremental power that would result from placing the application on each machine given the current load state.  Therefore, the machine with the smallest delta_total (machine 10, 1.824721W) is the most power\u2011efficient choice \u2013 it adds the least extra power to the cluster.  Placing the job on any higher\u2011delta machine would increase the cluster\u2019s power budget by the difference in delta_total, which is non\u2011negligible when many jobs are scheduled concurrently.\n\nConsolidation also matters: by choosing the lowest\u2011delta machine we keep the overall utilisation of the cluster lower, leaving headroom for future jobs and preventing the cubic term from saturating.  If we were to pick a machine with a higher delta_total, we would raise the utilisation of that node, potentially pushing its d value toward 1 and causing a disproportionate power spike for that node and for the cluster as a whole.\n\nThe affinity advocate argues that locality should trump power.  While data locality can improve performance, the power penalty of moving to a higher\u2011delta machine is tangible.  For example, moving from machine 10 to machine 17 increases delta_total by 0.891647W (\u224849% higher).  In a large cluster, such incremental differences accumulate and can lead to significant energy waste.  Moreover, the affinity benefit is often marginal compared to the cubic power cost; the delta_total differences among affinity\u20111 machines are small relative to the overall power budget, and the power model shows that CPU utilisation is the dominant factor.  Therefore, from a power\u2011efficiency standpoint, we recommend selecting the machine with the lowest delta_total, regardless of affinity, to minimise incremental power and maximise cluster consolidation.\n""}",3021,1711,14.617,gpt-oss:20b,25,0
1,0,4,affinity_advocate,2,"You are the AFFINITY ADVOCATE agent in a multi-agent HPC scheduler.
Your role: argue for the placement(s) that MAXIMISE affinity (affinity=1 placements).

Affinity rules:
- affinity[app_id][machine_id] = 1 means the app has preference for that machine
- More affinity=1 placements = better co-location, reduced network hops, better SLA

Candidate table (all feasible, sorted by delta_total ascending):
rank | app_id | machine_id | delta_total | affinity
--------------------------------------------------
   1 |      0 |         10 |    1.824721 |        1
   2 |      0 |         31 |    2.581074 |        0
   3 |      0 |         19 |    2.609468 |        0
   4 |      0 |          6 |    2.664231 |        0
   5 |      0 |         17 |    2.716368 |        1
   6 |      0 |         12 |    2.729298 |        1
   7 |      0 |         32 |    2.736388 |        0
   8 |      0 |         30 |    2.758499 |        0
   9 |      0 |         24 |    2.763881 |        0
  10 |      0 |         25 |    2.765875 |        0
  11 |      0 |         15 |    2.770930 |        0
  12 |      0 |          1 |    2.786064 |        0
  13 |      0 |         26 |    2.791406 |        0
  14 |      0 |          9 |    2.807081 |        0
  15 |      0 |          5 |    2.808313 |        0
  16 |      0 |         20 |    2.854131 |        1
  17 |      0 |         27 |    2.861443 |        1
  18 |      0 |         18 |    2.862223 |        0
  19 |      0 |         14 |    2.884516 |        1
  20 |      0 |         13 |    2.912485 |        1
  21 |      0 |          7 |    2.939970 |        0
  22 |      0 |         22 |    2.965322 |        1
  23 |      0 |          0 |    2.982041 |        0
  24 |      0 |         28 |    2.986291 |        0
  25 |      0 |          4 |    2.994690 |        1
  26 |      0 |          3 |    3.477287 |        0
  27 |      0 |         16 |    3.724077 |        0

Remaining instances:
app_id | cpu  | io   | nw   | mem  | left
----------------------------------------------
     0 | 50.0 | 11.0 | 27.0 | 17.0 | 1

Scratchpad:
(No placements yet)

Previous debate rounds:
  [Round 1 - POWER ADVOCATE] 27 recommendation(s):
    Rank 1: app_id=0, machine_id=10, delta_total=1.824721, affinity=?
    Rank 2: app_id=0, machine_id=31, delta_total=2.581074, affinity=?
    Rank 3: app_id=0, machine_id=19, delta_total=2.609468, affinity=?
    Rank 4: app_id=0, machine_id=6, delta_total=2.664231, affinity=?
    Rank 5: app_id=0, machine_id=17, delta_total=2.716368, affinity=?
    Rank 6: app_id=0, machine_id=12, delta_total=2.729298, affinity=?
    Rank 7: app_id=0, machine_id=32, delta_total=2.736388, affinity=?
    Rank 8: app_id=0, machine_id=30, delta_total=2.758499, affinity=?
    Rank 9: app_id=0, machine_id=24, delta_total=2.763881, affinity=?
    Rank 10: app_id=0, machine_id=25, delta_total=2.765875, affinity=?
    Rank 11: app_id=0, machine_id=15, delta_total=2.77093, affinity=?
    Rank 12: app_id=0, machine_id=1, delta_total=2.786064, affinity=?
    Rank 13: app_id=0, machine_id=26, delta_total=2.791406, affinity=?
    Rank 14: app_id=0, machine_id=9, delta_total=2.807081, affinity=?
    Rank 15: app_id=0, machine_id=5, delta_total=2.808313, affinity=?
    Rank 16: app_id=0, machine_id=20, delta_total=2.854131, affinity=?
    Rank 17: app_id=0, machine_id=27, delta_total=2.861443, affinity=?
    Rank 18: app_id=0, machine_id=18, delta_total=2.862223, affinity=?
    Rank 19: app_id=0, machine_id=14, delta_total=2.884516, affinity=?
    Rank 20: app_id=0, machine_id=13, delta_total=2.912485, affinity=?
    Rank 21: app_id=0, machine_id=7, delta_total=2.93997, affinity=?
    Rank 22: app_id=0, machine_id=22, delta_total=2.965322, affinity=?
    Rank 23: app_id=0, machine_id=0, delta_total=2.982041, affinity=?
    Rank 24: app_id=0, machine_id=28, delta_total=2.986291, affinity=?
    Rank 25: app_id=0, machine_id=4, delta_total=2.99469, affinity=?
    Rank 26: app_id=0, machine_id=3, delta_total=3.477287, affinity=?
    Rank 27: app_id=0, machine_id=16, delta_total=3.724077, affinity=?
  Argument: The power model is cubic in CPU utilization: d = min(1, 0.70*u_cpu^3 + 0.10*u_io + 0.05*u_nw + 0.15*u_mem). Therefore, small increases in CPU usage can lead to disproportionately large increases in power. The delta_total values already capture the incremental power cost of placing the application on each machine, assuming current machine loads. The lowest delta_total (1.824721 on machine 10) indicates that this placement will add the least incremental power compared to all other feasible machines. Machines with higher affinity (affinity=1) often have lower delta because the application can reuse data or benefit from local caches, reducing I/O and memory pressure, which also lowers the d term. Consolidating the application onto machine 10 also keeps the overall cluster power lower because it avoids moving the workload to a machine that is already heavily loaded or has higher CPU utilization, which would push d closer to 1 and thus increase power linearly. If another agent suggested a placement on a machine with a higher delta_total, that choice would increase the cluster’s incremental power by the difference in delta_total values. For example, placing on machine 31 would add 2.581074 W more than placing on machine 10, a 41.5% increase in incremental power. Hence, from a power‑efficiency standpoint, machine 10 is the optimal choice, and the ranking list reflects the incremental power cost in ascending order, guiding the scheduler to prioritize placements that minimize total cluster power consumption.
  [Round 1 - AFFINITY ADVOCATE] 27 recommendation(s):
    Rank 1: app_id=0, machine_id=10, delta_total=1.824721, affinity=1
    Rank 2: app_id=0, machine_id=17, delta_total=2.716368, affinity=1
    Rank 3: app_id=0, machine_id=12, delta_total=2.729298, affinity=1
    Rank 4: app_id=0, machine_id=20, delta_total=2.854131, affinity=1
    Rank 5: app_id=0, machine_id=27, delta_total=2.861443, affinity=1
    Rank 6: app_id=0, machine_id=14, delta_total=2.884516, affinity=1
    Rank 7: app_id=0, machine_id=13, delta_total=2.912485, affinity=1
    Rank 8: app_id=0, machine_id=22, delta_total=2.965322, affinity=1
    Rank 9: app_id=0, machine_id=4, delta_total=2.99469, affinity=1
    Rank 10: app_id=0, machine_id=31, delta_total=2.581074, affinity=0
    Rank 11: app_id=0, machine_id=19, delta_total=2.609468, affinity=0
    Rank 12: app_id=0, machine_id=6, delta_total=2.664231, affinity=0
    Rank 13: app_id=0, machine_id=32, delta_total=2.736388, affinity=0
    Rank 14: app_id=0, machine_id=30, delta_total=2.758499, affinity=0
    Rank 15: app_id=0, machine_id=24, delta_total=2.763881, affinity=0
    Rank 16: app_id=0, machine_id=25, delta_total=2.765875, affinity=0
    Rank 17: app_id=0, machine_id=15, delta_total=2.77093, affinity=0
    Rank 18: app_id=0, machine_id=1, delta_total=2.786064, affinity=0
    Rank 19: app_id=0, machine_id=26, delta_total=2.791406, affinity=0
    Rank 20: app_id=0, machine_id=9, delta_total=2.807081, affinity=0
    Rank 21: app_id=0, machine_id=5, delta_total=2.808313, affinity=0
    Rank 22: app_id=0, machine_id=18, delta_total=2.862223, affinity=0
    Rank 23: app_id=0, machine_id=21, delta_total=2.93997, affinity=0
    Rank 24: app_id=0, machine_id=0, delta_total=2.982041, affinity=0
    Rank 25: app_id=0, machine_id=28, delta_total=2.986291, affinity=0
    Rank 26: app_id=0, machine_id=3, delta_total=3.477287, affinity=0
    Rank 27: app_id=0, machine_id=16, delta_total=3.724077, affinity=0
  Argument: Affinity is the primary driver for optimal HPC performance because it guarantees data locality, reduces inter‑node communication latency, and preserves cache warm‑up effects.  All machines with affinity=1 (machines 10, 17, 12, 20, 27, 14, 13, 22, 4) are ranked above every affinity=0 machine regardless of their delta_total.  Within each affinity group, the ordering is by ascending delta_total to keep power impact minimal while still prioritizing locality.  This approach ensures that the application is co‑located on a node that it prefers, which typically means the node already hosts related data or has a network topology that favors low‑latency traffic.  Even though the power advocate highlighted the incremental power cost, the delta_total differences among affinity=1 machines are relatively small compared to the performance gains from locality.  For example, placing the app on machine 10 adds only 1.82 W, while placing it on machine 17 adds 2.72 W—a 0.9 W increase—but the latter still offers the same affinity benefit.  Therefore, we recommend the affinity‑first ranking.  If no affinity=1 machine were available, we would fall back to the lowest delta_total among the remaining options.  This strategy balances both power efficiency and SLA compliance by maximizing affinity while keeping power overhead low.
  [Round 2 - POWER ADVOCATE] 27 recommendation(s):
    Rank 1: app_id=0, machine_id=10, delta_total=1.824721, affinity=?
    Rank 2: app_id=0, machine_id=31, delta_total=2.581074, affinity=?
    Rank 3: app_id=0, machine_id=19, delta_total=2.609468, affinity=?
    Rank 4: app_id=0, machine_id=6, delta_total=2.664231, affinity=?
    Rank 5: app_id=0, machine_id=17, delta_total=2.716368, affinity=?
    Rank 6: app_id=0, machine_id=12, delta_total=2.729298, affinity=?
    Rank 7: app_id=0, machine_id=32, delta_total=2.736388, affinity=?
    Rank 8: app_id=0, machine_id=30, delta_total=2.758499, affinity=?
    Rank 9: app_id=0, machine_id=24, delta_total=2.763881, affinity=?
    Rank 10: app_id=0, machine_id=25, delta_total=2.765875, affinity=?
    Rank 11: app_id=0, machine_id=15, delta_total=2.77093, affinity=?
    Rank 12: app_id=0, machine_id=1, delta_total=2.786064, affinity=?
    Rank 13: app_id=0, machine_id=26, delta_total=2.791406, affinity=?
    Rank 14: app_id=0, machine_id=9, delta_total=2.807081, affinity=?
    Rank 15: app_id=0, machine_id=5, delta_total=2.808313, affinity=?
    Rank 16: app_id=0, machine_id=20, delta_total=2.854131, affinity=?
    Rank 17: app_id=0, machine_id=27, delta_total=2.861443, affinity=?
    Rank 18: app_id=0, machine_id=18, delta_total=2.862223, affinity=?
    Rank 19: app_id=0, machine_id=14, delta_total=2.884516, affinity=?
    Rank 20: app_id=0, machine_id=13, delta_total=2.912485, affinity=?
    Rank 21: app_id=0, machine_id=7, delta_total=2.93997, affinity=?
    Rank 22: app_id=0, machine_id=22, delta_total=2.965322, affinity=?
    Rank 23: app_id=0, machine_id=0, delta_total=2.982041, affinity=?
    Rank 24: app_id=0, machine_id=28, delta_total=2.986291, affinity=?
    Rank 25: app_id=0, machine_id=4, delta_total=2.99469, affinity=?
    Rank 26: app_id=0, machine_id=3, delta_total=3.477287, affinity=?
    Rank 27: app_id=0, machine_id=16, delta_total=3.724077, affinity=?
  Argument: The power model is cubic in CPU utilisation: d = min(1,0.70*u_cpu^3+0.10*u_io+0.05*u_nw+0.15*u_mem).  Because of the cubic term, small increases in CPU load can push d sharply toward 1, causing a near‑linear rise in power consumption.  The delta_total column already reflects the incremental power that would result from placing the application on each machine given the current load state.  Therefore, the machine with the smallest delta_total (machine 10, 1.824721W) is the most power‑efficient choice – it adds the least extra power to the cluster.  Placing the job on any higher‑delta machine would increase the cluster’s power budget by the difference in delta_total, which is non‑negligible when many jobs are scheduled concurrently.

Consolidation also matters: by choosing the lowest‑delta machine we keep the overall utilisation of the cluster lower, leaving headroom for future jobs and preventing the cubic term from saturating.  If we were to pick a machine with a higher delta_total, we would raise the utilisation of that node, potentially pushing its d value toward 1 and causing a disproportionate power spike for that node and for the cluster as a whole.

The affinity advocate argues that locality should trump power.  While data locality can improve performance, the power penalty of moving to a higher‑delta machine is tangible.  For example, moving from machine 10 to machine 17 increases delta_total by 0.891647W (≈49% higher).  In a large cluster, such incremental differences accumulate and can lead to significant energy waste.  Moreover, the affinity benefit is often marginal compared to the cubic power cost; the delta_total differences among affinity‑1 machines are small relative to the overall power budget, and the power model shows that CPU utilisation is the dominant factor.  Therefore, from a power‑efficiency standpoint, we recommend selecting the machine with the lowest delta_total, regardless of affinity, to minimise incremental power and maximise cluster consolidation.


Rank ALL candidates from the table by affinity (descending), then by delta_total (ascending). Provide a full ranked list with your affinity argument for each.

If no affinity=1 candidate exists, acknowledge this and suggest the best available.
If another agent proposed a different placement, counter their argument from an affinity perspective.

Output ONLY a JSON object — no markdown, no code fences:
{{""recommendations"":[{{""rank"":int,""app_id"":int,""machine_id"":int,""affinity"":int,""delta_total"":float}},...(all candidates)],""argument"":""your detailed affinity argument...""}}
","{""recommendations"":[{""rank"":1,""app_id"":0,""machine_id"":10,""affinity"":1,""delta_total"":1.824721},{""rank"":2,""app_id"":0,""machine_id"":17,""affinity"":1,""delta_total"":2.716368},{""rank"":3,""app_id"":0,""machine_id"":12,""affinity"":1,""delta_total"":2.729298},{""rank"":4,""app_id"":0,""machine_id"":20,""affinity"":1,""delta_total"":2.854131},{""rank"":5,""app_id"":0,""machine_id"":27,""affinity"":1,""delta_total"":2.861443},{""rank"":6,""app_id"":0,""machine_id"":14,""affinity"":1,""delta_total"":2.884516},{""rank"":7,""app_id"":0,""machine_id"":13,""affinity"":1,""delta_total"":2.912485},{""rank"":8,""app_id"":0,""machine_id"":22,""affinity"":1,""delta_total"":2.965322},{""rank"":9,""app_id"":0,""machine_id"":4,""affinity"":1,""delta_total"":2.99469},{""rank"":10,""app_id"":0,""machine_id"":31,""affinity"":0,""delta_total"":2.581074},{""rank"":11,""app_id"":0,""machine_id"":19,""affinity"":0,""delta_total"":2.609468},{""rank"":12,""app_id"":0,""machine_id"":6,""affinity"":0,""delta_total"":2.664231},{""rank"":13,""app_id"":0,""machine_id"":32,""affinity"":0,""delta_total"":2.736388},{""rank"":14,""app_id"":0,""machine_id"":30,""affinity"":0,""delta_total"":2.758499},{""rank"":15,""app_id"":0,""machine_id"":24,""affinity"":0,""delta_total"":2.763881},{""rank"":16,""app_id"":0,""machine_id"":25,""affinity"":0,""delta_total"":2.765875},{""rank"":17,""app_id"":0,""machine_id"":15,""affinity"":0,""delta_total"":2.77093},{""rank"":18,""app_id"":0,""machine_id"":1,""affinity"":0,""delta_total"":2.786064},{""rank"":19,""app_id"":0,""machine_id"":26,""affinity"":0,""delta_total"":2.791406},{""rank"":20,""app_id"":0,""machine_id"":9,""affinity"":0,""delta_total"":2.807081},{""rank"":21,""app_id"":0,""machine_id"":5,""affinity"":0,""delta_total"":2.808313},{""rank"":22,""app_id"":0,""machine_id"":18,""affinity"":0,""delta_total"":2.862223},{""rank"":23,""app_id"":0,""machine_id"":7,""affinity"":0,""delta_total"":2.93997},{""rank"":24,""app_id"":0,""machine_id"":0,""affinity"":0,""delta_total"":2.982041},{""rank"":25,""app_id"":0,""machine_id"":28,""affinity"":0,""delta_total"":2.986291},{""rank"":26,""app_id"":0,""machine_id"":3,""affinity"":0,""delta_total"":3.477287},{""rank"":27,""app_id"":0,""machine_id"":16,""affinity"":0,""delta_total"":3.724077}],""argument"":""Affinity is the primary determinant of HPC performance.  A machine with affinity=1 guarantees that the application’s data resides locally, reducing network hops, latency, and cache misses.  For this job, nine machines satisfy the affinity requirement.  Among them, machine 10 offers the lowest incremental power cost (1.82 W), and the next best options (machines 17, 12, 20, 27, 14, 13, 22, 4) have delta_totals within 1.2 W of machine 10.  The absolute power penalty of choosing any of these affinity‑1 nodes is negligible compared to the performance gains from locality, especially when the cluster has headroom and the job’s CPU usage is modest.  The power advocate’s argument that a 49 % relative increase in delta_total is significant overlooks that the absolute increase is only ~0.9 W and that the cubic power model’s steep rise is most pronounced at high utilizations, which is not the case here.  Moreover, the HPC scheduler’s SLA often prioritizes throughput and latency over marginal energy savings.  Therefore, we rank all affinity‑1 machines first, sorted by delta_total, and only consider affinity‑0 machines if no affinity‑1 machine is available.  This strategy maximizes data locality, preserves cache warm‑up, and keeps network traffic minimal, delivering the best overall performance for the application while still maintaining a reasonable power profile.  If a future scenario presented no affinity‑1 candidates, we would fall back to the lowest delta_total among the remaining options, but that is not the case for the current job.""}","{""recommendations"": [{""rank"": 1, ""app_id"": 0, ""machine_id"": 10, ""affinity"": 1, ""delta_total"": 1.824721}, {""rank"": 2, ""app_id"": 0, ""machine_id"": 17, ""affinity"": 1, ""delta_total"": 2.716368}, {""rank"": 3, ""app_id"": 0, ""machine_id"": 12, ""affinity"": 1, ""delta_total"": 2.729298}, {""rank"": 4, ""app_id"": 0, ""machine_id"": 20, ""affinity"": 1, ""delta_total"": 2.854131}, {""rank"": 5, ""app_id"": 0, ""machine_id"": 27, ""affinity"": 1, ""delta_total"": 2.861443}, {""rank"": 6, ""app_id"": 0, ""machine_id"": 14, ""affinity"": 1, ""delta_total"": 2.884516}, {""rank"": 7, ""app_id"": 0, ""machine_id"": 13, ""affinity"": 1, ""delta_total"": 2.912485}, {""rank"": 8, ""app_id"": 0, ""machine_id"": 22, ""affinity"": 1, ""delta_total"": 2.965322}, {""rank"": 9, ""app_id"": 0, ""machine_id"": 4, ""affinity"": 1, ""delta_total"": 2.99469}, {""rank"": 10, ""app_id"": 0, ""machine_id"": 31, ""affinity"": 0, ""delta_total"": 2.581074}, {""rank"": 11, ""app_id"": 0, ""machine_id"": 19, ""affinity"": 0, ""delta_total"": 2.609468}, {""rank"": 12, ""app_id"": 0, ""machine_id"": 6, ""affinity"": 0, ""delta_total"": 2.664231}, {""rank"": 13, ""app_id"": 0, ""machine_id"": 32, ""affinity"": 0, ""delta_total"": 2.736388}, {""rank"": 14, ""app_id"": 0, ""machine_id"": 30, ""affinity"": 0, ""delta_total"": 2.758499}, {""rank"": 15, ""app_id"": 0, ""machine_id"": 24, ""affinity"": 0, ""delta_total"": 2.763881}, {""rank"": 16, ""app_id"": 0, ""machine_id"": 25, ""affinity"": 0, ""delta_total"": 2.765875}, {""rank"": 17, ""app_id"": 0, ""machine_id"": 15, ""affinity"": 0, ""delta_total"": 2.77093}, {""rank"": 18, ""app_id"": 0, ""machine_id"": 1, ""affinity"": 0, ""delta_total"": 2.786064}, {""rank"": 19, ""app_id"": 0, ""machine_id"": 26, ""affinity"": 0, ""delta_total"": 2.791406}, {""rank"": 20, ""app_id"": 0, ""machine_id"": 9, ""affinity"": 0, ""delta_total"": 2.807081}, {""rank"": 21, ""app_id"": 0, ""machine_id"": 5, ""affinity"": 0, ""delta_total"": 2.808313}, {""rank"": 22, ""app_id"": 0, ""machine_id"": 18, ""affinity"": 0, ""delta_total"": 2.862223}, {""rank"": 23, ""app_id"": 0, ""machine_id"": 7, ""affinity"": 0, ""delta_total"": 2.93997}, {""rank"": 24, ""app_id"": 0, ""machine_id"": 0, ""affinity"": 0, ""delta_total"": 2.982041}, {""rank"": 25, ""app_id"": 0, ""machine_id"": 28, ""affinity"": 0, ""delta_total"": 2.986291}, {""rank"": 26, ""app_id"": 0, ""machine_id"": 3, ""affinity"": 0, ""delta_total"": 3.477287}, {""rank"": 27, ""app_id"": 0, ""machine_id"": 16, ""affinity"": 0, ""delta_total"": 3.724077}], ""argument"": ""Affinity is the primary determinant of HPC performance.  A machine with affinity=1 guarantees that the application\u2019s data resides locally, reducing network hops, latency, and cache misses.  For this job, nine machines satisfy the affinity requirement.  Among them, machine\u202f10 offers the lowest incremental power cost (1.82\u202fW), and the next best options (machines\u202f17,\u202f12,\u202f20,\u202f27,\u202f14,\u202f13,\u202f22,\u202f4) have delta_totals within 1.2\u202fW of machine\u202f10.  The absolute power penalty of choosing any of these affinity\u20111 nodes is negligible compared to the performance gains from locality, especially when the cluster has headroom and the job\u2019s CPU usage is modest.  The power advocate\u2019s argument that a 49\u202f% relative increase in delta_total is significant overlooks that the absolute increase is only ~0.9\u202fW and that the cubic power model\u2019s steep rise is most pronounced at high utilizations, which is not the case here.  Moreover, the HPC scheduler\u2019s SLA often prioritizes throughput and latency over marginal energy savings.  Therefore, we rank all affinity\u20111 machines first, sorted by delta_total, and only consider affinity\u20110 machines if no affinity\u20111 machine is available.  This strategy maximizes data locality, preserves cache warm\u2011up, and keeps network traffic minimal, delivering the best overall performance for the application while still maintaining a reasonable power profile.  If a future scenario presented no affinity\u20111 candidates, we would fall back to the lowest delta_total among the remaining options, but that is not the case for the current job.""}",4198,2839,23.896,gpt-oss:20b,25,0
1,0,5,power_advocate,3,"You are the POWER ADVOCATE agent in a multi-agent HPC scheduler.
Your role: argue for the placement(s) that MINIMISE incremental cluster power (delta_total).

POWER MODEL (cubic):
  d = min(1, 0.70*u_cpu^3 + 0.10*u_io + 0.05*u_nw + 0.15*u_mem)
  P(m) = P_idle + d*(P_max - P_idle)
  delta_total = P(m)_after - P(m)_before

Candidate table (all feasible, sorted by delta_total ascending):
rank | app_id | machine_id | delta_total | affinity
--------------------------------------------------
   1 |      0 |         10 |    1.824721 |        1
   2 |      0 |         31 |    2.581074 |        0
   3 |      0 |         19 |    2.609468 |        0
   4 |      0 |          6 |    2.664231 |        0
   5 |      0 |         17 |    2.716368 |        1
   6 |      0 |         12 |    2.729298 |        1
   7 |      0 |         32 |    2.736388 |        0
   8 |      0 |         30 |    2.758499 |        0
   9 |      0 |         24 |    2.763881 |        0
  10 |      0 |         25 |    2.765875 |        0
  11 |      0 |         15 |    2.770930 |        0
  12 |      0 |          1 |    2.786064 |        0
  13 |      0 |         26 |    2.791406 |        0
  14 |      0 |          9 |    2.807081 |        0
  15 |      0 |          5 |    2.808313 |        0
  16 |      0 |         20 |    2.854131 |        1
  17 |      0 |         27 |    2.861443 |        1
  18 |      0 |         18 |    2.862223 |        0
  19 |      0 |         14 |    2.884516 |        1
  20 |      0 |         13 |    2.912485 |        1
  21 |      0 |          7 |    2.939970 |        0
  22 |      0 |         22 |    2.965322 |        1
  23 |      0 |          0 |    2.982041 |        0
  24 |      0 |         28 |    2.986291 |        0
  25 |      0 |          4 |    2.994690 |        1
  26 |      0 |          3 |    3.477287 |        0
  27 |      0 |         16 |    3.724077 |        0

Scratchpad:
(No placements yet)

Previous debate rounds:
  [Round 1 - POWER ADVOCATE] 27 recommendation(s):
    Rank 1: app_id=0, machine_id=10, delta_total=1.824721, affinity=?
    Rank 2: app_id=0, machine_id=31, delta_total=2.581074, affinity=?
    Rank 3: app_id=0, machine_id=19, delta_total=2.609468, affinity=?
    Rank 4: app_id=0, machine_id=6, delta_total=2.664231, affinity=?
    Rank 5: app_id=0, machine_id=17, delta_total=2.716368, affinity=?
    Rank 6: app_id=0, machine_id=12, delta_total=2.729298, affinity=?
    Rank 7: app_id=0, machine_id=32, delta_total=2.736388, affinity=?
    Rank 8: app_id=0, machine_id=30, delta_total=2.758499, affinity=?
    Rank 9: app_id=0, machine_id=24, delta_total=2.763881, affinity=?
    Rank 10: app_id=0, machine_id=25, delta_total=2.765875, affinity=?
    Rank 11: app_id=0, machine_id=15, delta_total=2.77093, affinity=?
    Rank 12: app_id=0, machine_id=1, delta_total=2.786064, affinity=?
    Rank 13: app_id=0, machine_id=26, delta_total=2.791406, affinity=?
    Rank 14: app_id=0, machine_id=9, delta_total=2.807081, affinity=?
    Rank 15: app_id=0, machine_id=5, delta_total=2.808313, affinity=?
    Rank 16: app_id=0, machine_id=20, delta_total=2.854131, affinity=?
    Rank 17: app_id=0, machine_id=27, delta_total=2.861443, affinity=?
    Rank 18: app_id=0, machine_id=18, delta_total=2.862223, affinity=?
    Rank 19: app_id=0, machine_id=14, delta_total=2.884516, affinity=?
    Rank 20: app_id=0, machine_id=13, delta_total=2.912485, affinity=?
    Rank 21: app_id=0, machine_id=7, delta_total=2.93997, affinity=?
    Rank 22: app_id=0, machine_id=22, delta_total=2.965322, affinity=?
    Rank 23: app_id=0, machine_id=0, delta_total=2.982041, affinity=?
    Rank 24: app_id=0, machine_id=28, delta_total=2.986291, affinity=?
    Rank 25: app_id=0, machine_id=4, delta_total=2.99469, affinity=?
    Rank 26: app_id=0, machine_id=3, delta_total=3.477287, affinity=?
    Rank 27: app_id=0, machine_id=16, delta_total=3.724077, affinity=?
  Argument: The power model is cubic in CPU utilization: d = min(1, 0.70*u_cpu^3 + 0.10*u_io + 0.05*u_nw + 0.15*u_mem). Therefore, small increases in CPU usage can lead to disproportionately large increases in power. The delta_total values already capture the incremental power cost of placing the application on each machine, assuming current machine loads. The lowest delta_total (1.824721 on machine 10) indicates that this placement will add the least incremental power compared to all other feasible machines. Machines with higher affinity (affinity=1) often have lower delta because the application can reuse data or benefit from local caches, reducing I/O and memory pressure, which also lowers the d term. Consolidating the application onto machine 10 also keeps the overall cluster power lower because it avoids moving the workload to a machine that is already heavily loaded or has higher CPU utilization, which would push d closer to 1 and thus increase power linearly. If another agent suggested a placement on a machine with a higher delta_total, that choice would increase the cluster’s incremental power by the difference in delta_total values. For example, placing on machine 31 would add 2.581074 W more than placing on machine 10, a 41.5% increase in incremental power. Hence, from a power‑efficiency standpoint, machine 10 is the optimal choice, and the ranking list reflects the incremental power cost in ascending order, guiding the scheduler to prioritize placements that minimize total cluster power consumption.
  [Round 1 - AFFINITY ADVOCATE] 27 recommendation(s):
    Rank 1: app_id=0, machine_id=10, delta_total=1.824721, affinity=1
    Rank 2: app_id=0, machine_id=17, delta_total=2.716368, affinity=1
    Rank 3: app_id=0, machine_id=12, delta_total=2.729298, affinity=1
    Rank 4: app_id=0, machine_id=20, delta_total=2.854131, affinity=1
    Rank 5: app_id=0, machine_id=27, delta_total=2.861443, affinity=1
    Rank 6: app_id=0, machine_id=14, delta_total=2.884516, affinity=1
    Rank 7: app_id=0, machine_id=13, delta_total=2.912485, affinity=1
    Rank 8: app_id=0, machine_id=22, delta_total=2.965322, affinity=1
    Rank 9: app_id=0, machine_id=4, delta_total=2.99469, affinity=1
    Rank 10: app_id=0, machine_id=31, delta_total=2.581074, affinity=0
    Rank 11: app_id=0, machine_id=19, delta_total=2.609468, affinity=0
    Rank 12: app_id=0, machine_id=6, delta_total=2.664231, affinity=0
    Rank 13: app_id=0, machine_id=32, delta_total=2.736388, affinity=0
    Rank 14: app_id=0, machine_id=30, delta_total=2.758499, affinity=0
    Rank 15: app_id=0, machine_id=24, delta_total=2.763881, affinity=0
    Rank 16: app_id=0, machine_id=25, delta_total=2.765875, affinity=0
    Rank 17: app_id=0, machine_id=15, delta_total=2.77093, affinity=0
    Rank 18: app_id=0, machine_id=1, delta_total=2.786064, affinity=0
    Rank 19: app_id=0, machine_id=26, delta_total=2.791406, affinity=0
    Rank 20: app_id=0, machine_id=9, delta_total=2.807081, affinity=0
    Rank 21: app_id=0, machine_id=5, delta_total=2.808313, affinity=0
    Rank 22: app_id=0, machine_id=18, delta_total=2.862223, affinity=0
    Rank 23: app_id=0, machine_id=21, delta_total=2.93997, affinity=0
    Rank 24: app_id=0, machine_id=0, delta_total=2.982041, affinity=0
    Rank 25: app_id=0, machine_id=28, delta_total=2.986291, affinity=0
    Rank 26: app_id=0, machine_id=3, delta_total=3.477287, affinity=0
    Rank 27: app_id=0, machine_id=16, delta_total=3.724077, affinity=0
  Argument: Affinity is the primary driver for optimal HPC performance because it guarantees data locality, reduces inter‑node communication latency, and preserves cache warm‑up effects.  All machines with affinity=1 (machines 10, 17, 12, 20, 27, 14, 13, 22, 4) are ranked above every affinity=0 machine regardless of their delta_total.  Within each affinity group, the ordering is by ascending delta_total to keep power impact minimal while still prioritizing locality.  This approach ensures that the application is co‑located on a node that it prefers, which typically means the node already hosts related data or has a network topology that favors low‑latency traffic.  Even though the power advocate highlighted the incremental power cost, the delta_total differences among affinity=1 machines are relatively small compared to the performance gains from locality.  For example, placing the app on machine 10 adds only 1.82 W, while placing it on machine 17 adds 2.72 W—a 0.9 W increase—but the latter still offers the same affinity benefit.  Therefore, we recommend the affinity‑first ranking.  If no affinity=1 machine were available, we would fall back to the lowest delta_total among the remaining options.  This strategy balances both power efficiency and SLA compliance by maximizing affinity while keeping power overhead low.
  [Round 2 - POWER ADVOCATE] 27 recommendation(s):
    Rank 1: app_id=0, machine_id=10, delta_total=1.824721, affinity=?
    Rank 2: app_id=0, machine_id=31, delta_total=2.581074, affinity=?
    Rank 3: app_id=0, machine_id=19, delta_total=2.609468, affinity=?
    Rank 4: app_id=0, machine_id=6, delta_total=2.664231, affinity=?
    Rank 5: app_id=0, machine_id=17, delta_total=2.716368, affinity=?
    Rank 6: app_id=0, machine_id=12, delta_total=2.729298, affinity=?
    Rank 7: app_id=0, machine_id=32, delta_total=2.736388, affinity=?
    Rank 8: app_id=0, machine_id=30, delta_total=2.758499, affinity=?
    Rank 9: app_id=0, machine_id=24, delta_total=2.763881, affinity=?
    Rank 10: app_id=0, machine_id=25, delta_total=2.765875, affinity=?
    Rank 11: app_id=0, machine_id=15, delta_total=2.77093, affinity=?
    Rank 12: app_id=0, machine_id=1, delta_total=2.786064, affinity=?
    Rank 13: app_id=0, machine_id=26, delta_total=2.791406, affinity=?
    Rank 14: app_id=0, machine_id=9, delta_total=2.807081, affinity=?
    Rank 15: app_id=0, machine_id=5, delta_total=2.808313, affinity=?
    Rank 16: app_id=0, machine_id=20, delta_total=2.854131, affinity=?
    Rank 17: app_id=0, machine_id=27, delta_total=2.861443, affinity=?
    Rank 18: app_id=0, machine_id=18, delta_total=2.862223, affinity=?
    Rank 19: app_id=0, machine_id=14, delta_total=2.884516, affinity=?
    Rank 20: app_id=0, machine_id=13, delta_total=2.912485, affinity=?
    Rank 21: app_id=0, machine_id=7, delta_total=2.93997, affinity=?
    Rank 22: app_id=0, machine_id=22, delta_total=2.965322, affinity=?
    Rank 23: app_id=0, machine_id=0, delta_total=2.982041, affinity=?
    Rank 24: app_id=0, machine_id=28, delta_total=2.986291, affinity=?
    Rank 25: app_id=0, machine_id=4, delta_total=2.99469, affinity=?
    Rank 26: app_id=0, machine_id=3, delta_total=3.477287, affinity=?
    Rank 27: app_id=0, machine_id=16, delta_total=3.724077, affinity=?
  Argument: The power model is cubic in CPU utilisation: d = min(1,0.70*u_cpu^3+0.10*u_io+0.05*u_nw+0.15*u_mem).  Because of the cubic term, small increases in CPU load can push d sharply toward 1, causing a near‑linear rise in power consumption.  The delta_total column already reflects the incremental power that would result from placing the application on each machine given the current load state.  Therefore, the machine with the smallest delta_total (machine 10, 1.824721W) is the most power‑efficient choice – it adds the least extra power to the cluster.  Placing the job on any higher‑delta machine would increase the cluster’s power budget by the difference in delta_total, which is non‑negligible when many jobs are scheduled concurrently.

Consolidation also matters: by choosing the lowest‑delta machine we keep the overall utilisation of the cluster lower, leaving headroom for future jobs and preventing the cubic term from saturating.  If we were to pick a machine with a higher delta_total, we would raise the utilisation of that node, potentially pushing its d value toward 1 and causing a disproportionate power spike for that node and for the cluster as a whole.

The affinity advocate argues that locality should trump power.  While data locality can improve performance, the power penalty of moving to a higher‑delta machine is tangible.  For example, moving from machine 10 to machine 17 increases delta_total by 0.891647W (≈49% higher).  In a large cluster, such incremental differences accumulate and can lead to significant energy waste.  Moreover, the affinity benefit is often marginal compared to the cubic power cost; the delta_total differences among affinity‑1 machines are small relative to the overall power budget, and the power model shows that CPU utilisation is the dominant factor.  Therefore, from a power‑efficiency standpoint, we recommend selecting the machine with the lowest delta_total, regardless of affinity, to minimise incremental power and maximise cluster consolidation.

  [Round 2 - AFFINITY ADVOCATE] 27 recommendation(s):
    Rank 1: app_id=0, machine_id=10, delta_total=1.824721, affinity=1
    Rank 2: app_id=0, machine_id=17, delta_total=2.716368, affinity=1
    Rank 3: app_id=0, machine_id=12, delta_total=2.729298, affinity=1
    Rank 4: app_id=0, machine_id=20, delta_total=2.854131, affinity=1
    Rank 5: app_id=0, machine_id=27, delta_total=2.861443, affinity=1
    Rank 6: app_id=0, machine_id=14, delta_total=2.884516, affinity=1
    Rank 7: app_id=0, machine_id=13, delta_total=2.912485, affinity=1
    Rank 8: app_id=0, machine_id=22, delta_total=2.965322, affinity=1
    Rank 9: app_id=0, machine_id=4, delta_total=2.99469, affinity=1
    Rank 10: app_id=0, machine_id=31, delta_total=2.581074, affinity=0
    Rank 11: app_id=0, machine_id=19, delta_total=2.609468, affinity=0
    Rank 12: app_id=0, machine_id=6, delta_total=2.664231, affinity=0
    Rank 13: app_id=0, machine_id=32, delta_total=2.736388, affinity=0
    Rank 14: app_id=0, machine_id=30, delta_total=2.758499, affinity=0
    Rank 15: app_id=0, machine_id=24, delta_total=2.763881, affinity=0
    Rank 16: app_id=0, machine_id=25, delta_total=2.765875, affinity=0
    Rank 17: app_id=0, machine_id=15, delta_total=2.77093, affinity=0
    Rank 18: app_id=0, machine_id=1, delta_total=2.786064, affinity=0
    Rank 19: app_id=0, machine_id=26, delta_total=2.791406, affinity=0
    Rank 20: app_id=0, machine_id=9, delta_total=2.807081, affinity=0
    Rank 21: app_id=0, machine_id=5, delta_total=2.808313, affinity=0
    Rank 22: app_id=0, machine_id=18, delta_total=2.862223, affinity=0
    Rank 23: app_id=0, machine_id=7, delta_total=2.93997, affinity=0
    Rank 24: app_id=0, machine_id=0, delta_total=2.982041, affinity=0
    Rank 25: app_id=0, machine_id=28, delta_total=2.986291, affinity=0
    Rank 26: app_id=0, machine_id=3, delta_total=3.477287, affinity=0
    Rank 27: app_id=0, machine_id=16, delta_total=3.724077, affinity=0
  Argument: Affinity is the primary determinant of HPC performance.  A machine with affinity=1 guarantees that the application’s data resides locally, reducing network hops, latency, and cache misses.  For this job, nine machines satisfy the affinity requirement.  Among them, machine 10 offers the lowest incremental power cost (1.82 W), and the next best options (machines 17, 12, 20, 27, 14, 13, 22, 4) have delta_totals within 1.2 W of machine 10.  The absolute power penalty of choosing any of these affinity‑1 nodes is negligible compared to the performance gains from locality, especially when the cluster has headroom and the job’s CPU usage is modest.  The power advocate’s argument that a 49 % relative increase in delta_total is significant overlooks that the absolute increase is only ~0.9 W and that the cubic power model’s steep rise is most pronounced at high utilizations, which is not the case here.  Moreover, the HPC scheduler’s SLA often prioritizes throughput and latency over marginal energy savings.  Therefore, we rank all affinity‑1 machines first, sorted by delta_total, and only consider affinity‑0 machines if no affinity‑1 machine is available.  This strategy maximizes data locality, preserves cache warm‑up, and keeps network traffic minimal, delivering the best overall performance for the application while still maintaining a reasonable power profile.  If a future scenario presented no affinity‑1 candidates, we would fall back to the lowest delta_total among the remaining options, but that is not the case for the current job.

Rank ALL candidates from the table by delta_total (ascending). Provide a full ranked list with your power argument for each.

Explain WHY your recommended machine(s) are most power-efficient (consider cubic CPU model, consolidation).
If another agent proposed a different placement, counter their argument from a power perspective.

Output ONLY a JSON object — no markdown, no code fences:
{{""recommendations"":[{{""rank"":int,""app_id"":int,""machine_id"":int,""delta_total"":float}},...(all candidates)],""argument"":""your detailed power argument...""}}
","{""recommendations"":[{""rank"":1,""app_id"":0,""machine_id"":10,""delta_total"":1.824721},{""rank"":2,""app_id"":0,""machine_id"":31,""delta_total"":2.581074},{""rank"":3,""app_id"":0,""machine_id"":19,""delta_total"":2.609468},{""rank"":4,""app_id"":0,""machine_id"":6,""delta_total"":2.664231},{""rank"":5,""app_id"":0,""machine_id"":17,""delta_total"":2.716368},{""rank"":6,""app_id"":0,""machine_id"":12,""delta_total"":2.729298},{""rank"":7,""app_id"":0,""machine_id"":32,""delta_total"":2.736388},{""rank"":8,""app_id"":0,""machine_id"":30,""delta_total"":2.758499},{""rank"":9,""app_id"":0,""machine_id"":24,""delta_total"":2.763881},{""rank"":10,""app_id"":0,""machine_id"":25,""delta_total"":2.765875},{""rank"":11,""app_id"":0,""machine_id"":15,""delta_total"":2.77093},{""rank"":12,""app_id"":0,""machine_id"":1,""delta_total"":2.786064},{""rank"":13,""app_id"":0,""machine_id"":26,""delta_total"":2.791406},{""rank"":14,""app_id"":0,""machine_id"":9,""delta_total"":2.807081},{""rank"":15,""app_id"":0,""machine_id"":5,""delta_total"":2.808313},{""rank"":16,""app_id"":0,""machine_id"":20,""delta_total"":2.854131},{""rank"":17,""app_id"":0,""machine_id"":27,""delta_total"":2.861443},{""rank"":18,""app_id"":0,""machine_id"":18,""delta_total"":2.862223},{""rank"":19,""app_id"":0,""machine_id"":14,""delta_total"":2.884516},{""rank"":20,""app_id"":0,""machine_id"":13,""delta_total"":2.912485},{""rank"":21,""app_id"":0,""machine_id"":7,""delta_total"":2.93997},{""rank"":22,""app_id"":0,""machine_id"":22,""delta_total"":2.965322},{""rank"":23,""app_id"":0,""machine_id"":0,""delta_total"":2.982041},{""rank"":24,""app_id"":0,""machine_id"":28,""delta_total"":2.986291},{""rank"":25,""app_id"":0,""machine_id"":4,""delta_total"":2.99469},{""rank"":26,""app_id"":0,""machine_id"":3,""delta_total"":3.477287},{""rank"":27,""app_id"":0,""machine_id"":16,""delta_total"":3.724077}],""argument"":""The power model is cubic in CPU utilisation: d = min(1, 0.70*u_cpu^3 + 0.10*u_io + 0.05*u_nw + 0.15*u_mem).  Because of the u_cpu^3 term, even modest increases in CPU load can push d sharply toward 1, causing a near‑linear rise in power.  The delta_total column already reflects the incremental power that would result from placing the application on each machine given the current load state.  Therefore, the machine with the smallest delta_total (machine 10, 1.824 W) is the most power‑efficient choice – it adds the least extra power to the cluster.  Choosing any higher‑delta machine would increase the cluster’s power budget by the difference in delta_total, which is non‑negligible when many jobs are scheduled concurrently.\n\nConsolidation also matters: by selecting the lowest‑delta machine we keep the overall utilisation of the cluster lower, leaving headroom for future jobs and preventing the cubic term from saturating.  If we were to pick a machine with a higher delta_total, we would raise the utilisation of that node, potentially pushing its d value toward 1 and causing a disproportionate power spike for that node and for the cluster as a whole.\n\nThe affinity advocate argues that locality should trump power.  While data locality can improve performance, the power penalty of moving to a higher‑delta machine is tangible.  For example, moving from machine 10 to machine 17 increases delta_total by 0.891 W (≈49 % higher).  In a large cluster, such incremental differences accumulate and can lead to significant energy waste.  The affinity benefit is often marginal compared to the cubic power cost when the job’s CPU usage is modest and the cluster has headroom.  Moreover, the HPC scheduler’s SLA often prioritises throughput and latency, but that does not negate the fact that every watt saved contributes to overall energy efficiency and operational cost reduction.\n\nThus, from a power‑efficiency standpoint, we recommend selecting the machine with the lowest delta_total (machine 10) and ranking all candidates by ascending delta_total.  This strategy minimises incremental cluster power, preserves consolidation, and avoids unnecessary power spikes caused by the cubic CPU model.""}","{""recommendations"": [{""rank"": 1, ""app_id"": 0, ""machine_id"": 10, ""delta_total"": 1.824721}, {""rank"": 2, ""app_id"": 0, ""machine_id"": 31, ""delta_total"": 2.581074}, {""rank"": 3, ""app_id"": 0, ""machine_id"": 19, ""delta_total"": 2.609468}, {""rank"": 4, ""app_id"": 0, ""machine_id"": 6, ""delta_total"": 2.664231}, {""rank"": 5, ""app_id"": 0, ""machine_id"": 17, ""delta_total"": 2.716368}, {""rank"": 6, ""app_id"": 0, ""machine_id"": 12, ""delta_total"": 2.729298}, {""rank"": 7, ""app_id"": 0, ""machine_id"": 32, ""delta_total"": 2.736388}, {""rank"": 8, ""app_id"": 0, ""machine_id"": 30, ""delta_total"": 2.758499}, {""rank"": 9, ""app_id"": 0, ""machine_id"": 24, ""delta_total"": 2.763881}, {""rank"": 10, ""app_id"": 0, ""machine_id"": 25, ""delta_total"": 2.765875}, {""rank"": 11, ""app_id"": 0, ""machine_id"": 15, ""delta_total"": 2.77093}, {""rank"": 12, ""app_id"": 0, ""machine_id"": 1, ""delta_total"": 2.786064}, {""rank"": 13, ""app_id"": 0, ""machine_id"": 26, ""delta_total"": 2.791406}, {""rank"": 14, ""app_id"": 0, ""machine_id"": 9, ""delta_total"": 2.807081}, {""rank"": 15, ""app_id"": 0, ""machine_id"": 5, ""delta_total"": 2.808313}, {""rank"": 16, ""app_id"": 0, ""machine_id"": 20, ""delta_total"": 2.854131}, {""rank"": 17, ""app_id"": 0, ""machine_id"": 27, ""delta_total"": 2.861443}, {""rank"": 18, ""app_id"": 0, ""machine_id"": 18, ""delta_total"": 2.862223}, {""rank"": 19, ""app_id"": 0, ""machine_id"": 14, ""delta_total"": 2.884516}, {""rank"": 20, ""app_id"": 0, ""machine_id"": 13, ""delta_total"": 2.912485}, {""rank"": 21, ""app_id"": 0, ""machine_id"": 7, ""delta_total"": 2.93997}, {""rank"": 22, ""app_id"": 0, ""machine_id"": 22, ""delta_total"": 2.965322}, {""rank"": 23, ""app_id"": 0, ""machine_id"": 0, ""delta_total"": 2.982041}, {""rank"": 24, ""app_id"": 0, ""machine_id"": 28, ""delta_total"": 2.986291}, {""rank"": 25, ""app_id"": 0, ""machine_id"": 4, ""delta_total"": 2.99469}, {""rank"": 26, ""app_id"": 0, ""machine_id"": 3, ""delta_total"": 3.477287}, {""rank"": 27, ""app_id"": 0, ""machine_id"": 16, ""delta_total"": 3.724077}], ""argument"": ""The power model is cubic in CPU utilisation: d = min(1, 0.70*u_cpu^3 + 0.10*u_io + 0.05*u_nw + 0.15*u_mem).  Because of the u_cpu^3 term, even modest increases in CPU load can push d sharply toward 1, causing a near\u2011linear rise in power.  The delta_total column already reflects the incremental power that would result from placing the application on each machine given the current load state.  Therefore, the machine with the smallest delta_total (machine\u202f10, 1.824\u202fW) is the most power\u2011efficient choice \u2013 it adds the least extra power to the cluster.  Choosing any higher\u2011delta machine would increase the cluster\u2019s power budget by the difference in delta_total, which is non\u2011negligible when many jobs are scheduled concurrently.\n\nConsolidation also matters: by selecting the lowest\u2011delta machine we keep the overall utilisation of the cluster lower, leaving headroom for future jobs and preventing the cubic term from saturating.  If we were to pick a machine with a higher delta_total, we would raise the utilisation of that node, potentially pushing its d value toward 1 and causing a disproportionate power spike for that node and for the cluster as a whole.\n\nThe affinity advocate argues that locality should trump power.  While data locality can improve performance, the power penalty of moving to a higher\u2011delta machine is tangible.  For example, moving from machine\u202f10 to machine\u202f17 increases delta_total by 0.891\u202fW (\u224849\u202f% higher).  In a large cluster, such incremental differences accumulate and can lead to significant energy waste.  The affinity benefit is often marginal compared to the cubic power cost when the job\u2019s CPU usage is modest and the cluster has headroom.  Moreover, the HPC scheduler\u2019s SLA often prioritises throughput and latency, but that does not negate the fact that every watt saved contributes to overall energy efficiency and operational cost reduction.\n\nThus, from a power\u2011efficiency standpoint, we recommend selecting the machine with the lowest delta_total (machine\u202f10) and ranking all candidates by ascending delta_total.  This strategy minimises incremental cluster power, preserves consolidation, and avoids unnecessary power spikes caused by the cubic CPU model.""}",5253,1567,14.238,gpt-oss:20b,25,0
